{"eventId":1,"weaponId":10,"soldierId":9,"distance":699.2676057033572,"type":8,"when":1563061295302}
{"eventId":2,"weaponId":2,"soldierId":4,"distance":235.0068658232094,"type":4,"when":1563061295458}
{"eventId":3,"weaponId":2,"soldierId":9,"distance":345.48506612195996,"type":4,"when":1563061295561}
{"eventId":4,"weaponId":3,"soldierId":1,"distance":391.70559819126726,"type":4,"when":1563061295661}
{"eventId":5,"weaponId":3,"soldierId":2,"distance":827.2495155710195,"type":7,"when":1563061295778}
{"eventId":6,"weaponId":7,"soldierId":8,"distance":78.52588556109919,"type":1,"when":1563061295884}
{"eventId":7,"weaponId":9,"soldierId":2,"distance":90.40024953001647,"type":3,"when":1563061295985}
{"eventId":8,"weaponId":9,"soldierId":3,"distance":28.29980077487848,"type":8,"when":1563061296089}
{"eventId":9,"weaponId":7,"soldierId":6,"distance":690.8141219504818,"type":5,"when":1563061296191}
{"eventId":10,"weaponId":4,"soldierId":2,"distance":715.5096147977694,"type":4,"when":1563061296303}
{"eventId":11,"weaponId":7,"soldierId":5,"distance":235.18340224223178,"type":7,"when":1563061296419}
{"eventId":12,"weaponId":4,"soldierId":9,"distance":50.85247865399056,"type":8,"when":1563061296535}
{"eventId":13,"weaponId":8,"soldierId":10,"distance":651.8829082841968,"type":5,"when":1563061296638}
{"eventId":14,"weaponId":3,"soldierId":3,"distance":107.34347753026685,"type":4,"when":1563061296744}
{"eventId":15,"weaponId":4,"soldierId":7,"distance":105.0579714601152,"type":4,"when":1563061296846}
{"eventId":16,"weaponId":8,"soldierId":10,"distance":373.59302508751813,"type":1,"when":1563061296952}
{"eventId":17,"weaponId":2,"soldierId":1,"distance":922.4720631294632,"type":3,"when":1563061297064}
{"eventId":18,"weaponId":8,"soldierId":2,"distance":520.5605958234752,"type":2,"when":1563061297166}
{"eventId":19,"weaponId":2,"soldierId":1,"distance":531.0395176142932,"type":3,"when":1563061297271}
{"eventId":20,"weaponId":7,"soldierId":7,"distance":992.7969295054354,"type":5,"when":1563061297375}
{"eventId":21,"weaponId":3,"soldierId":3,"distance":748.3731015996841,"type":8,"when":1563061297477}
{"eventId":22,"weaponId":1,"soldierId":8,"distance":223.0453344968617,"type":6,"when":1563061297581}
{"eventId":23,"weaponId":3,"soldierId":6,"distance":919.7629900196661,"type":7,"when":1563061297685}
{"eventId":24,"weaponId":3,"soldierId":10,"distance":264.80362645940437,"type":1,"when":1563061297787}
{"eventId":25,"weaponId":3,"soldierId":8,"distance":14.060786024272076,"type":7,"when":1563061297888}
{"eventId":26,"weaponId":2,"soldierId":5,"distance":751.4047525717773,"type":8,"when":1563061297992}
{"eventId":27,"weaponId":3,"soldierId":5,"distance":485.8863043623118,"type":3,"when":1563061298097}
{"eventId":28,"weaponId":5,"soldierId":9,"distance":448.3326562035871,"type":6,"when":1563061298199}
{"eventId":29,"weaponId":8,"soldierId":6,"distance":202.9412279219176,"type":1,"when":1563061298301}
{"eventId":30,"weaponId":5,"soldierId":5,"distance":159.45054530282644,"type":4,"when":1563061298402}
{"eventId":31,"weaponId":7,"soldierId":10,"distance":144.17001618043534,"type":8,"when":1563061298503}
{"eventId":32,"weaponId":1,"soldierId":5,"distance":284.8105410747892,"type":7,"when":1563061298609}
{"eventId":33,"weaponId":1,"soldierId":8,"distance":655.8414819568648,"type":8,"when":1563061298712}
{"eventId":34,"weaponId":9,"soldierId":3,"distance":80.5858703393193,"type":4,"when":1563061298814}
{"eventId":35,"weaponId":6,"soldierId":1,"distance":457.7487431300009,"type":5,"when":1563061298917}
{"eventId":36,"weaponId":7,"soldierId":5,"distance":328.8969240381129,"type":8,"when":1563061299019}
{"eventId":37,"weaponId":5,"soldierId":9,"distance":110.68147986227595,"type":4,"when":1563061299122}
{"eventId":38,"weaponId":9,"soldierId":1,"distance":140.99273462238926,"type":7,"when":1563061299225}
{"eventId":39,"weaponId":7,"soldierId":6,"distance":469.7727913190053,"type":6,"when":1563061299329}
{"eventId":40,"weaponId":4,"soldierId":3,"distance":461.1252563360833,"type":1,"when":1563061299435}
{"eventId":41,"weaponId":4,"soldierId":1,"distance":577.5580549328736,"type":1,"when":1563061299537}
{"eventId":42,"weaponId":3,"soldierId":9,"distance":245.86694126413465,"type":2,"when":1563061299644}
{"eventId":43,"weaponId":9,"soldierId":5,"distance":207.51329845092502,"type":3,"when":1563061299747}
{"eventId":44,"weaponId":3,"soldierId":5,"distance":515.5501087827909,"type":8,"when":1563061299863}
{"eventId":45,"weaponId":8,"soldierId":6,"distance":706.0095524479817,"type":8,"when":1563061299971}
{"eventId":46,"weaponId":1,"soldierId":3,"distance":527.5500605630714,"type":6,"when":1563061300084}
{"eventId":47,"weaponId":10,"soldierId":7,"distance":141.1878853857288,"type":2,"when":1563061300190}
{"eventId":48,"weaponId":6,"soldierId":2,"distance":237.51906220564234,"type":7,"when":1563061300298}
{"eventId":49,"weaponId":10,"soldierId":4,"distance":935.0195089949927,"type":1,"when":1563061300400}
{"eventId":50,"weaponId":4,"soldierId":6,"distance":292.2583225378973,"type":1,"when":1563061300513}
{"eventId":51,"weaponId":2,"soldierId":9,"distance":904.1778726279144,"type":1,"when":1563061300618}
{"eventId":52,"weaponId":3,"soldierId":7,"distance":850.1647145590426,"type":3,"when":1563061300718}
{"eventId":53,"weaponId":5,"soldierId":10,"distance":881.3555676458069,"type":8,"when":1563061300822}
{"eventId":54,"weaponId":8,"soldierId":6,"distance":131.2108426295904,"type":4,"when":1563061300922}
{"eventId":55,"weaponId":4,"soldierId":2,"distance":136.9724052725275,"type":7,"when":1563061301023}
{"eventId":56,"weaponId":9,"soldierId":2,"distance":352.93784042180755,"type":2,"when":1563061301126}
{"eventId":57,"weaponId":5,"soldierId":2,"distance":618.130153282758,"type":3,"when":1563061301229}
{"eventId":58,"weaponId":6,"soldierId":6,"distance":472.31026852477544,"type":2,"when":1563061301330}
{"eventId":59,"weaponId":5,"soldierId":6,"distance":404.08866852980105,"type":2,"when":1563061301433}
{"eventId":60,"weaponId":6,"soldierId":8,"distance":301.48005704754587,"type":6,"when":1563061301535}
{"eventId":61,"weaponId":7,"soldierId":8,"distance":723.0078735183127,"type":3,"when":1563061301639}
{"eventId":62,"weaponId":10,"soldierId":6,"distance":240.13164869301596,"type":5,"when":1563061301744}
{"eventId":63,"weaponId":5,"soldierId":6,"distance":751.3815111649752,"type":8,"when":1563061301845}
{"eventId":64,"weaponId":4,"soldierId":6,"distance":225.36074805101057,"type":2,"when":1563061301947}
{"eventId":65,"weaponId":8,"soldierId":5,"distance":234.27356449367898,"type":7,"when":1563061302053}
{"eventId":66,"weaponId":1,"soldierId":4,"distance":964.8255422542225,"type":3,"when":1563061302157}
{"eventId":67,"weaponId":1,"soldierId":7,"distance":620.5699876134364,"type":6,"when":1563061302262}
{"eventId":68,"weaponId":4,"soldierId":6,"distance":28.679007625286413,"type":4,"when":1563061302365}
{"eventId":69,"weaponId":9,"soldierId":10,"distance":943.0141885614505,"type":8,"when":1563061302467}
{"eventId":70,"weaponId":3,"soldierId":9,"distance":634.6439878794114,"type":6,"when":1563061302569}
{"eventId":71,"weaponId":3,"soldierId":9,"distance":518.472104325401,"type":5,"when":1563061302675}
{"eventId":72,"weaponId":8,"soldierId":8,"distance":688.2590363537577,"type":2,"when":1563061302775}
{"eventId":73,"weaponId":3,"soldierId":10,"distance":770.9571144333255,"type":5,"when":1563061302881}
{"eventId":74,"weaponId":3,"soldierId":5,"distance":822.149096980189,"type":1,"when":1563061302985}
{"eventId":75,"weaponId":5,"soldierId":7,"distance":50.35341043675445,"type":6,"when":1563061303088}
{"eventId":76,"weaponId":1,"soldierId":2,"distance":315.1428401028307,"type":8,"when":1563061303190}
{"eventId":77,"weaponId":10,"soldierId":5,"distance":336.0457161314543,"type":2,"when":1563061303292}
{"eventId":78,"weaponId":2,"soldierId":9,"distance":130.76559610470994,"type":3,"when":1563061303396}
{"eventId":79,"weaponId":6,"soldierId":2,"distance":669.9590534790299,"type":6,